<?xml version="1.0" encoding="UTF-8"?>
<beans xmlns="http://www.springframework.org/schema/beans"
	xmlns:xsi="http://www.w3.org/2001/XMLSchema-instance"
	 xmlns:p="http://www.springframework.org/schema/p" 
	  xmlns:util="http://www.springframework.org/schema/util"
	xmlns:aop="http://www.springframework.org/schema/aop"
	xsi:schemaLocation="http://www.springframework.org/schema/beans 
	http://www.springframework.org/schema/beans/spring-beans-4.0.xsd
	http://www.springframework.org/schema/util
	http://www.springframework.org/schema/util/spring-util.xsd">
	
	
	<bean id="collist" class="com.cg.injdep.Collect">  

<constructor-arg name="empdetails">  
<list>  
<ref bean="answer1"/>  
<ref bean="answer2"/>  
</list>  
</constructor-arg>  
</bean> 
	
	
	<bean id="answer1" class="com.cg.injdep.EmployeeDep">  
<constructor-arg index="0" value="25"></constructor-arg> 
<constructor-arg index="1" value="kiran"></constructor-arg> 
<constructor-arg index="2" value="20000.00"></constructor-arg>  
</bean>  

<bean id="answer2" class="com.cg.injdep.EmployeeDep">  
<constructor-arg type="int" value="26"></constructor-arg>
<constructor-arg type="String" value="swamy"></constructor-arg>  
<constructor-arg type="double" value="25000.00"></constructor-arg>  
</bean>  

<bean id="employeedep001"  class="com.cg.injdep.EmpDAO"></bean>
<bean id= "employeedep"  class="com.cg.injdep.EmpService" autowire="byName"></bean>
<bean id="employee002" class="com.cg.injdep.EmpService" autowire="byType"></bean>


</beans>
	
