<?xml version="1.0" encoding="UTF-8"?>
<beans xmlns="http://www.springframework.org/schema/beans"
	xmlns:xsi="http://www.w3.org/2001/XMLSchema-instance"
	 xmlns:p="http://www.springframework.org/schema/p" 
	  xmlns:util="http://www.springframework.org/schema/util"
	xmlns:aop="http://www.springframework.org/schema/aop"
	xsi:schemaLocation="http://www.springframework.org/schema/beans 
	http://www.springframework.org/schema/beans/spring-beans-4.0.xsd
	http://www.springframework.org/schema/util
	http://www.springframework.org/schema/util/spring-util.xsd">
	

	<bean id="answer1" class="com.cg.injdep.EmployeeDep">  
<property name="employeeId" value="25"></property>  
<property name="employeename" value="kiran"></property>  
<property name="employeeSalary" value="20000.00"></property>  
</bean>  
<bean id="answer2" class="com.cg.injdep.EmployeeDep">  
<property name="employeeId" value="26"></property>  
<property name="employeename" value="swamy"></property>  
<property name="employeeSalary" value="25000.00"></property>  
</bean>  
	
<bean id="sbulist" class="com.cg.injdep.Collect">  

<property name="empdetails">  
<list>  
<ref bean="answer1"/>  
<ref bean="answer2"/>  
</list>  
</property>  
</bean> 

 
	</beans>
	