<?xml version="1.0" encoding="UTF-8"?>
<beans xmlns="http://www.springframework.org/schema/beans"
	xmlns:xsi="http://www.w3.org/2001/XMLSchema-instance" 
	xmlns:aop="http://www.springframework.org/schema/aop"
	xsi:schemaLocation="http://www.springframework.org/schema/beans 
	http://www.springframework.org/schema/beans/spring-beans-4.0.xsd">
	<bean id="EmployeeDetails" class="LabBookSprings.EmployeeSprings">
	
	<property name="employeename" value="Naidu"></property>
	<property name="employeeId" value="001"></property>
	<property name="employeeSalary" value="10000.00"></property>
	<property name="businessUnit" value="PES-BU"></property>
	<property name="employeeAge" value="23"></property>
	 </bean>
	 </beans>