<?xml version="1.0" encoding="UTF-8"?>
<beans xmlns="http://www.springframework.org/schema/beans"
	xmlns:xsi="http://www.w3.org/2001/XMLSchema-instance" 
	xmlns:aop="http://www.springframework.org/schema/aop"
	xsi:schemaLocation="http://www.springframework.org/schema/beans 
	http://www.springframework.org/schema/beans/spring-beans-4.0.xsd">
	
	
	<bean id="answer1" class="com.cg.list.EmployeeList">  
<property name="employeeId" value="25"></property>  
<property name="employeename" value="kiran"></property>  
<property name="employeeSalary" value="20000.00"></property>  
</bean>  
<bean id="answer2" class="com.cg.list.EmployeeList">  
<property name="employeeId" value="26"></property>  
<property name="employeename" value="swamy"></property>  
<property name="employeeSalary" value="25000.00"></property>  
</bean>  
	
<bean id="sbulist" class="com.cg.list.ListSBU">  
<property name="sbuId" value="25625"></property>  
<property name="sbuName" value="Aditya"></property>  
<property name="sbuHead" value="Product Engeneering"></property>  
<property name="emplist">  
<list>  
<ref bean="answer1"/>  
<ref bean="answer2"/>  
</list>  
</property>  
</bean>  
	</beans>