<?xml version="1.0" encoding="UTF-8"?>
<beans xmlns="http://www.springframework.org/schema/beans"
	xmlns:xsi="http://www.w3.org/2001/XMLSchema-instance" 
	xmlns:aop="http://www.springframework.org/schema/aop"
	xsi:schemaLocation="http://www.springframework.org/schema/beans 
	http://www.springframework.org/schema/beans/spring-beans-4.0.xsd">
	
	
	<bean id="business" class="com.cg.SBU">
	<property name="sbuId" value="231"></property>
	<property name="sbuName" value="Production design"></property>
	<property name="sbuHead" value="Aditya"></property>
	</bean>

	<bean id="Employee" class="com.cg.Employeesbu">
	
	<property name="employeename" value="Naidu"></property>
	<property name="employeeId" value="001"></property>
	<property name="employeeSalary" value="10000.00"></property>
	<property name="businessUnit" ref="business"></property>
	</bean>
	
	</beans>